
INSERT INTO tb_category(category_name, category_image, last_modified_date) VALUES ('Alimentícios', 'https://cdn-0.imagensemoldes.com.br/wp-content/uploads/2020/06/Ilustra%C3%A7%C3%A3o-de-Panela-PNG.png', now()); 
INSERT INTO tb_category(category_name, category_image, last_modified_date) VALUES ('Brinquedos', 'https://image.freepik.com/vecteurs-libre/illustration-vectorielle-dans-vaisseau-spatial-fusee-style-plat-flamme-turbine_501907-347.jpg', now());
INSERT INTO tb_category(category_name, category_image, last_modified_date) VALUES ('Cosméticos e Higiene', 'https://www.onuki.tv/wp-content/uploads/2020/05/70a01cfb3113a6b27c88548295fbe250.png', now());
INSERT INTO tb_category(category_name, category_image, last_modified_date) VALUES ('Cozinha', 'https://cdn3.iconfinder.com/data/icons/food-set-2-1/91/Food_C162-512.png', now());
INSERT INTO tb_category(category_name, category_image, last_modified_date) VALUES ('Eletrônicos', 'https://static.vecteezy.com/system/resources/previews/000/355/193/original/vector-bulb-icon.jpg', now());
INSERT INTO tb_category(category_name, category_image, last_modified_date) VALUES ('Ferramentas', 'https://media.istockphoto.com/vectors/screwdriver-and-hammer-icon-vector-id481293820?k=6&m=481293820&s=170667a&w=0&h=cLTroYQVvkzjyHNNG6qQJp4J3E1qKx3JuGV_I2pxTe0=', now());
INSERT INTO tb_category(category_name, category_image, last_modified_date) VALUES ('Limpeza', 'https://img.freepik.com/vector-gratis/fregona-ilustracion-icono-cubo-concepto-icono-herramienta-limpieza-aislado-estilo-plano-dibujos-animados_138676-1336.jpg?size=338&ext=jpg', now());
INSERT INTO tb_category(category_name, category_image, last_modified_date) VALUES ('Papelaria e Escolar', 'https://www.945enet.com.tw/945enet/img/pic02.jpg', now());
INSERT INTO tb_category(category_name, category_image, last_modified_date) VALUES ('Tecidos e Acessórios', 'https://item.itembox.design/item/images/index/icon-cat-hab-yousai.png', now());
INSERT INTO tb_category(category_name, category_image, last_modified_date) VALUES ('Variados', 'https://www.teccuro.com/wp-content/uploads/2021/01/Special-Projects-2.jpg', now());


INSERT INTO tb_category_stats (category_id, added_products, removed_products, expense, income, registration_date) VALUES ('Alimentícios', 674, 232, 9323.00, 11002.35, '2022-01-03'); 
INSERT INTO tb_category_stats (category_id, added_products, removed_products, expense, income, registration_date) VALUES ('Brinquedos', 154, 45, 2000.00, 2229.55, '2022-01-02'); 
INSERT INTO tb_category_stats (category_id, added_products, removed_products, expense, income, registration_date) VALUES ('Cosméticos e Higiene', 500, 623, 1723.00, 1852.30, '2022-01-02'); 
INSERT INTO tb_category_stats (category_id, added_products, removed_products, expense, income, registration_date) VALUES ('Ferramentas', 122, 100, 1120.00, 1329.00, '2021-12-27'); 
INSERT INTO tb_category_stats (category_id, added_products, removed_products, expense, income, registration_date) VALUES ('Cozinha', 197, 135, 1632.00, 1314.90, '2021-12-27'); 
INSERT INTO tb_category_stats (category_id, added_products, removed_products, expense, income, registration_date) VALUES ('Papelaria e Escolar', 455, 132, 2321.00, 2582.80, '2021-12-27'); 
INSERT INTO tb_category_stats (category_id, added_products, removed_products, expense, income, registration_date) VALUES ('Limpeza', 132, 54, 3021.00, 4618.10, '2021-12-23'); 
INSERT INTO tb_category_stats (category_id, added_products, removed_products, expense, income, registration_date) VALUES ('Variados', 72, 22, 5930.00, 8237.40,'2021-12-23'); 
INSERT INTO tb_category_stats (category_id, added_products, removed_products, expense, income, registration_date) VALUES ('Ferramentas', 59, 36, 942.00, 1220.65, '2021-12-21'); 
INSERT INTO tb_category_stats (category_id, added_products, removed_products, expense, income, registration_date) VALUES ('Eletrônicos', 69, 81, 6492.00, 7412.00,'2021-12-21'); 
INSERT INTO tb_category_stats (category_id, added_products, removed_products, expense, income, registration_date) VALUES ('Limpeza', 80, 73, 3212.00, 4023.25, '2021-11-28'); 
INSERT INTO tb_category_stats (category_id, added_products, removed_products, expense, income, registration_date) VALUES ('Papelaria e Escolar', 312, 97, 2831.00, 2903.70, '2021-11-28'); 
INSERT INTO tb_category_stats (category_id, added_products, removed_products, expense, income, registration_date) VALUES ('Variados', 123, 96, 4031.00, 6320.50, '2021-11-24'); 
INSERT INTO tb_category_stats (category_id, added_products, removed_products, expense, income, registration_date) VALUES ('Cosméticos e Higiene', 324, 123, 1921.00, 2041.30, '2021-11-23'); 
INSERT INTO tb_category_stats (category_id, added_products, removed_products, expense, income, registration_date) VALUES ('Cozinha', 231, 242, 2311.00, 4192.75, '2021-11-23'); 
INSERT INTO tb_category_stats (category_id, added_products, removed_products, expense, income, registration_date) VALUES ('Tecidos e Acessórios', 432, 231, 2421.00, 3985.90, '2021-11-23'); 
INSERT INTO tb_category_stats (category_id, added_products, removed_products, expense, income, registration_date) VALUES ('Brinquedos', 321, 213, 2234.00, 4024.00, '2021-11-21');
INSERT INTO tb_category_stats (category_id, added_products, removed_products, expense, income, registration_date) VALUES ('Eletrônicos', 54, 32, 5231.00, 6203.80, '2021-11-21');
INSERT INTO tb_category_stats (category_id, added_products, removed_products, expense, income, registration_date) VALUES ('Alimentícios', 745, 535, 8323.00, 10329.00, '2021-11-20'); 
INSERT INTO tb_category_stats (category_id, added_products, removed_products, expense, income, registration_date) VALUES ('Tecidos e Acessórios', 243, 324, 3132.00, 3912.00, '2021-11-20');


INSERT INTO tb_measure(measure_description, abbreviation) VALUES ('quilo', 'kg');
INSERT INTO tb_measure(measure_description, abbreviation) VALUES ('grama', 'g');
INSERT INTO tb_measure(measure_description, abbreviation) VALUES ('litro', 'l');
INSERT INTO tb_measure(measure_description, abbreviation) VALUES ('mililitro', 'ml');
INSERT INTO tb_measure(measure_description, abbreviation) VALUES ('metro', 'm');
INSERT INTO tb_measure(measure_description, abbreviation) VALUES ('diâmetro', 'dm');
INSERT INTO tb_measure(measure_description, abbreviation) VALUES ('centimetro', 'cm');
INSERT INTO tb_measure(measure_description, abbreviation) VALUES ('milimetro', 'mm');
INSERT INTO tb_measure(measure_description, abbreviation) VALUES ('volt', 'v');
INSERT INTO tb_measure(measure_description, abbreviation) VALUES ('gigabyte', 'gb');
INSERT INTO tb_measure(measure_description, abbreviation) VALUES ('megabyte', 'mb');
INSERT INTO tb_measure(measure_description, abbreviation) VALUES ('indefinido', '~');



INSERT INTO tb_product (description, image, price, quantity, validate, measure_value, measure_id, category_id) VALUES ('Arroz Doura', 'https://i.pinimg.com/originals/ae/d6/73/aed673f95107e12aa5c796051257a71b.png', 3.90, 43, '2022-08-04', 1.00, 'kg', 'Alimentícios');
INSERT INTO tb_product (description, image, price, quantity, validate, measure_value, measure_id, category_id) VALUES ('Arroz Catarinão', 'https://i.pinimg.com/originals/ae/d6/73/aed673f95107e12aa5c796051257a71b.png', 4.75, 82, '2022-05-02', 1.00, 'kg', 'Alimentícios');
INSERT INTO tb_product (description, image, price, quantity, validate, measure_value, measure_id, category_id) VALUES ('Arroz Carvalho', 'https://i.pinimg.com/originals/ae/d6/73/aed673f95107e12aa5c796051257a71b.png', 4.75, 48, '2022-08-04', 1.00, 'kg', 'Alimentícios');
INSERT INTO tb_product (description, image, price, quantity, validate, measure_value, measure_id, category_id) VALUES ('Arroz Pérola do Sul', 'https://i.pinimg.com/originals/ae/d6/73/aed673f95107e12aa5c796051257a71b.png', 4.70, 66, '2022-11-01', 1.00, 'kg', 'Alimentícios');
INSERT INTO tb_product (description, image, price, quantity, validate, measure_value, measure_id, category_id) VALUES ('Arroz Rio Balsas', 'https://i.pinimg.com/originals/ae/d6/73/aed673f95107e12aa5c796051257a71b.png', 3.90, 96, '2022-07-30', 1.00, 'kg', 'Alimentícios');

INSERT INTO tb_product (description, image, price, quantity, validate, measure_value, measure_id, category_id) VALUES ('Arroz Carvalho', 'https://i.pinimg.com/originals/ae/d6/73/aed673f95107e12aa5c796051257a71b.png', 23.50, 6, '2023-05-30', 5, 'kg', 'Alimentícios');
INSERT INTO tb_product (description, image, price, quantity, validate, measure_value, measure_id, category_id) VALUES ('Leite Piracanjuba Desnatado Líquido', 'https://img.freepik.com/vector-gratis/ilustracion-icono-cajas-carton-leche-aislado_385450-85.jpg?size=338&ext=jpg', 9.90, 4, '2022-11-18', 1, 'l', 'Alimentícios');
INSERT INTO tb_product (description, image, price, quantity, validate, measure_value, measure_id, category_id) VALUES ('Café Santa Clara', 'https://static.vecteezy.com/ti/vecteur-libre/p1/585976-tasse-a-cafe-logo-template-vector-icon-design-gratuit-vectoriel.jpg', 9.90, 16, '2023-07-05', 250, 'g', 'Alimentícios');
INSERT INTO tb_product (description, image, price, quantity, validate, measure_value, measure_id, category_id) VALUES ('Óleo de Milho Sinhá', 'https://images.vexels.com/media/users/3/184866/isolated/preview/92bf4391d65697290218e5210580ec99-ilustra----o-caseira-de-azeite-by-vexels.png', 3.30, 7, '2999-12-30', 1, 'l', 'Alimentícios');
INSERT INTO tb_product (description, image, price, quantity, validate, measure_value, measure_id, category_id) VALUES ('Feijâo Preto Mayara', 'https://media.istockphoto.com/vectors/beans-vector-id487671327?k=6&m=487671327&s=170667a&w=0&h=8-IC6Y6v2YOo3xM0rQD1mdajgE05Yp40Lqu2OaI1pXc=',  9.80, 1, '2022-10-01', 1, 'kg', 'Alimentícios');
INSERT INTO tb_product (description, image, price, quantity, validate, measure_value, measure_id, category_id) VALUES ('Sal Cavalinho', 'https://images.ctfassets.net/x2t7lek2vf7h/3v3OqCHUeTSOYbNeZUry0Y/6cac9a68112ccdf3fbf120b9fe5271aa/step_1.png?w=600&h=600&q=50&fm=png', 1.0, 19, '2024-06-01', 1, 'kg', 'Alimentícios'); 
INSERT INTO tb_product (description, image, price, quantity, validate, measure_value, measure_id, category_id) VALUES ('Farinha de Milho Flocada Coringa (Flocão)', 'https://cdn0.iconfinder.com/data/icons/farm-27/64/Fertiliser-fertilizer-soil-Farm-512.png', 3.20, 16, '2023-01-04', 500, 'g', 'Alimentícios');
INSERT INTO tb_product (description, image, price, quantity, validate, measure_value, measure_id, category_id) VALUES ('Farinha de Rosca Mariza', 'https://cdn0.iconfinder.com/data/icons/farm-27/64/Fertiliser-fertilizer-soil-Farm-512.png', 5.10, 23, '2023-04-04', 400, 'g', 'Alimentícios');
INSERT INTO tb_product (description, image, price, quantity, validate, measure_value, measure_id, category_id) VALUES ('Farinha de Mandioca Amarela Bom Sabor', 'https://cdn0.iconfinder.com/data/icons/farm-27/64/Fertiliser-fertilizer-soil-Farm-512.png', 5.40, 13, '2023-07-01', 1, 'kg', 'Alimentícios');
INSERT INTO tb_product (description, image, price, quantity, validate, measure_value, measure_id, category_id) VALUES ('Milho Stella dOro Enlatado', 'https://cdn3.iconfinder.com/data/icons/autumn-vol-1/68/Bee_food_honey_jar_sugar_sweet-512.png', 3.25, 25, '2024-04-01', 280, 'g', 'Alimentícios');
INSERT INTO tb_product (description, image, price, quantity, validate, measure_value, measure_id, category_id) VALUES ('Sopão de Carne Sandella', 'https://www.rcamposcomvoce.com.br/wp-content/uploads/2018/07/Sopas-ajudam-a-emagrecer.jpg', 6.30, 4, '2023-02-01', 180, 'g', 'Alimentícios');
INSERT INTO tb_product (description, image, price, quantity, validate, measure_value, measure_id, category_id) VALUES ('Vinagre de Álcool Minhoto', 'https://www.kindpng.com/picc/m/752-7526415_apple-cider-vinegar-vinegar-clipart-hd-png-download.png', 3.45, 19, '2999-12-30', 500, 'ml', 'Alimentícios');
INSERT INTO tb_product (description, image, price, quantity, validate, measure_value, measure_id, category_id) VALUES ('Vinagre de Álcool Minhoto', 'https://www.kindpng.com/picc/m/752-7526415_apple-cider-vinegar-vinegar-clipart-hd-png-download.png', 2.35, 29, '2999-12-30', 250, 'ml', 'Alimentícios');
INSERT INTO tb_product (description, image, price, quantity, validate, measure_value, measure_id, category_id) VALUES ('Vinagre de Maçã Minhoto', 'https://www.kindpng.com/picc/m/752-7526415_apple-cider-vinegar-vinegar-clipart-hd-png-download.png', 6.85, 10, '2999-12-30', 750, 'ml', 'Alimentícios');
INSERT INTO tb_product (description, image, price, quantity, validate, measure_value, measure_id, category_id) VALUES ('Macarrão Instantâneo Sandella Galinha Caipira Com Pimenta', 'http://getdrawings.com/free-icon/ramen-icon-55.png', 1.65, 28, '2023-02-01', 85, 'g', 'Alimentícios');
INSERT INTO tb_product (description, image, price, quantity, validate, measure_value, measure_id, category_id) VALUES ('Macarrão Instantâneo Sandella Galinha Caipira', 'http://getdrawings.com/free-icon/ramen-icon-55.png', 1.65, 23, '2023-03-01', 85, 'g', 'Alimentícios');
INSERT INTO tb_product (description, image, price, quantity, validate, measure_value, measure_id, category_id) VALUES ('Macarrão Instantâneo Sandella Galinha', 'http://getdrawings.com/free-icon/ramen-icon-55.png', 1.65, 4, '2023-01-01', 85, 'g', 'Alimentícios');
INSERT INTO tb_product (description, image, price, quantity, validate, measure_value, measure_id, category_id) VALUES ('Macarrão Instantâneo Sandella Calabresa Com Pimenta', 'http://getdrawings.com/free-icon/ramen-icon-55.png', 1.65, 25, '2022-11-01', 85, 'g', 'Alimentícios');
INSERT INTO tb_product (description, image, price, quantity, validate, measure_value, measure_id, category_id) VALUES ('Macarrão Instantâneo Nissin Galinha Caipira', 'http://getdrawings.com/free-icon/ramen-icon-55.png', 1.40, 35, '2023-04-04', 74, 'g', 'Alimentícios');
INSERT INTO tb_product (description, image, price, quantity, validate, measure_value, measure_id, category_id) VALUES ('Macarrão Instantâneo Nissin Carne', 'http://getdrawings.com/free-icon/ramen-icon-55.png', 1.65, 44, '2023-03-19', 74, 'g', 'Alimentícios');
INSERT INTO tb_product (description, image, price, quantity, validate, measure_value, measure_id, category_id) VALUES ('Macarrão Parafuso Heléia', 'https://livenaturallymagazine.com/wp-content/uploads/2018/10/Pasta.png', 2.75, 2, '2023-06-16', 200, 'g', 'Alimentícios');
INSERT INTO tb_product (description, image, price, quantity, validate, measure_value, measure_id, category_id) VALUES ('Mingau Tradicional Cremogema', 'https://cdn3.iconfinder.com/data/icons/food-set-2-1/91/Food_C138-512.png', 4.90, 16, '2023-08-29', 180, 'g', 'Alimentícios');
INSERT INTO tb_product (description, image, price, quantity, validate, measure_value, measure_id, category_id) VALUES ('Mingau de Morango Cremogema', 'https://cdn3.iconfinder.com/data/icons/food-set-2-1/91/Food_C138-512.png', 4.90, 4, '2022-08-23', 180, 'g', 'Alimentícios');
INSERT INTO tb_product (description, image, price, quantity, validate, measure_value, measure_id, category_id) VALUES ('Mingau Tradicional Cremogema', 'https://cdn3.iconfinder.com/data/icons/food-set-2-1/91/Food_C138-512.png', 9.40, 12, '2023-02-14', 460, 'g', 'Alimentícios');
INSERT INTO tb_product (description, image, price, quantity, validate, measure_value, measure_id, category_id) VALUES ('Mingau de Maracujá Cremogema', 'https://cdn3.iconfinder.com/data/icons/food-set-2-1/91/Food_C138-512.png', 4.90, 15, '2023-01-08', 180, 'g', 'Alimentícios');
INSERT INTO tb_product (description, image, price, quantity, validate, measure_value, measure_id, category_id) VALUES ('Amido de Milho Kimimo', 'https://cdn1.iconfinder.com/data/icons/grocery-store-filled/64/Grocery_Shop-10-512.png', 3.20, 4, '2024-07-13', 200, 'g', 'Alimentícios');
INSERT INTO tb_product (description, image, price, quantity, validate, measure_value, measure_id, category_id) VALUES ('Amido de Milho Maizena', 'https://cdn1.iconfinder.com/data/icons/grocery-store-filled/64/Grocery_Shop-10-512.png', 3.50, 21, '2024-06-01', 180, 'g', 'Alimentícios');

INSERT INTO tb_product (description, image, price, quantity, validate, measure_value, measure_id, category_id) VALUES ('Boneca Beijokinhas Mister Brinque', 'https://i.pinimg.com/originals/d1/57/1f/d1571f9b88cf530c8a4e52be50d5b7ca.png', 31.40, 3, '2999-12-30', null, '~', 'Brinquedos');
INSERT INTO tb_product (description, image, price, quantity, validate, measure_value, measure_id, category_id) VALUES ('Boneca Bee Bee Girls Bee Toys', 'https://i.pinimg.com/originals/d1/57/1f/d1571f9b88cf530c8a4e52be50d5b7ca.png', 38.40, 2, '2999-12-30', null, '~', 'Brinquedos');
INSERT INTO tb_product (description, image, price, quantity, validate, measure_value, measure_id, category_id) VALUES ('Avião de Controle Remoto AirPlane', 'https://static.vecteezy.com/system/resources/previews/000/550/256/original/airplane-flying-vector-icon.jpg', 21.50, 2, '2999-12-30', null, '~', 'Brinquedos');
INSERT INTO tb_product (description, image, price, quantity, validate, measure_value, measure_id, category_id) VALUES ('Be-Blade Arena Banana Toys', 'https://newyear-nenga.com/wp-content/uploads/2019/01/oshougatsu_koma_illust_69.png', 22.85, 2, '2999-12-30', null, '~', 'Brinquedos');
INSERT INTO tb_product (description, image, price, quantity, validate, measure_value, measure_id, category_id) VALUES ('Be-Blade Banana Toys', 'https://newyear-nenga.com/wp-content/uploads/2019/01/oshougatsu_koma_illust_69.png', 15.20, 6, '2999-12-30', null, '~', 'Brinquedos');
INSERT INTO tb_product (description, image, price, quantity, validate, measure_value, measure_id, category_id) VALUES ('New Moto 1000 BS Toys', 'https://st.depositphotos.com/3146979/4704/v/600/depositphotos_47044003-stock-illustration-red-motorcycle.jpg', 12.90, 5, '2999-12-30', null, '~', 'Brinquedos');
INSERT INTO tb_product (description, image, price, quantity, validate, measure_value, measure_id, category_id) VALUES ('Moto New Cross BS Toys', 'https://st.depositphotos.com/3146979/4704/v/600/depositphotos_47044003-stock-illustration-red-motorcycle.jpg', 15.20, 6, '2999-12-30', null, '~', 'Brinquedos');
INSERT INTO tb_product (description, image, price, quantity, validate, measure_value, measure_id, category_id) VALUES ('Moto Rodão BS Toys', 'https://st.depositphotos.com/3146979/4704/v/600/depositphotos_47044003-stock-illustration-red-motorcycle.jpg', 11.95, 6, '2999-12-30', null, '~', 'Brinquedos');
INSERT INTO tb_product (description, image, price, quantity, validate, measure_value, measure_id, category_id) VALUES ('Boneco Soldado Pequeno BS Toys', 'https://cdn0.iconfinder.com/data/icons/science-80/64/astronaut-space_suit-job-occupation-512.png', 12.95, 2, '2999-12-30', null, '~', 'Brinquedos');
INSERT INTO tb_product (description, image, price, quantity, validate, measure_value, measure_id, category_id) VALUES ('Jeep Injetsul Brinquedos', 'https://cdn0.iconfinder.com/data/icons/transport-lineal-color/512/car_cabriolet_auto_transport_automobile-512.png', 31.40, 4, '2999-12-30', null, '~', 'Brinquedos');

INSERT INTO tb_product (description, image, price, quantity, validate, measure_value, measure_id, category_id) VALUES ('Taça Nadir Figueiredo', 'https://cdn1.iconfinder.com/data/icons/christmas-96/32/33_alcohol_party_beverage_celebration_wine_drink_xmas-512.png', 5.10, 47, null, 250, 'ml', 'Cozinha');
INSERT INTO tb_product (description, image, price, quantity, validate, measure_value, measure_id, category_id) VALUES ('Tigela Americana Nadir Figueiredo', 'https://images.vexels.com/media/users/3/151964/isolated/preview/abebf2cd6c00915757a8c0f03fe1190b-iacute-cone-de-tigela-de-servir-by-vexels.png', 7.20, 8, null, 350, 'ml', 'Cozinha');
INSERT INTO tb_product (description, image, price, quantity, validate, measure_value, measure_id, category_id) VALUES ('Paliteiro Plasutil', 'https://st.depositphotos.com/1978999/3074/v/950/depositphotos_30747781-stock-illustration-salt-icon.jpg', 5.10, 11, null, 90, 'ml', 'Cozinha');
INSERT INTO tb_product (description, image, price, quantity, validate, measure_value, measure_id, category_id) VALUES ('Saleiro de Mesa Ercaplast', 'https://st.depositphotos.com/1978999/3074/v/950/depositphotos_30747781-stock-illustration-salt-icon.jpg', 2.50, 15, null, 50, 'ml', 'Cozinha');
INSERT INTO tb_product (description, image, price, quantity, validate, measure_value, measure_id, category_id) VALUES ('Garrafa Plásticos Lumar', 'https://i.pinimg.com/originals/5a/1d/59/5a1d595c17163dd88db427e2199ce0c5.png', 6.20, 10, null, 1.5, 'l', 'Cozinha');
INSERT INTO tb_product (description, image, price, quantity, validate, measure_value, measure_id, category_id) VALUES ('Pote de Café Ercaplast', 'https://cdn2.iconfinder.com/data/icons/food-1091/512/1_Honey_jar_pickle_food_bee-512.png', 4.90, 6, null, 1.3, 'l', 'Cozinha');
INSERT INTO tb_product (description, image, price, quantity, validate, measure_value, measure_id, category_id) VALUES ('Pote de Açúcar Ercaplast', 'https://cdn2.iconfinder.com/data/icons/food-1091/512/1_Honey_jar_pickle_food_bee-512.png', 3.90, 4, null, 1, 'l', 'Cozinha');
INSERT INTO tb_product (description, image, price, quantity, validate, measure_value, measure_id, category_id) VALUES ('Cuzcuzeira Alumínio Vieira', 'https://cdn1.iconfinder.com/data/icons/household-appliance/512/g30763-512.png', 31.20, 6, null, 180, 'dm', 'Cozinha');
INSERT INTO tb_product (description, image, price, quantity, validate, measure_value, measure_id, category_id) VALUES ('Papeiro Alumínio Vieira', 'https://www.lespapillonsblancsdeparis.fr/wp-content/uploads/2018/10/Fichier-13.png', 31.40, 3, null, 160, 'dm', 'Cozinha');
INSERT INTO tb_product (description, image, price, quantity, validate, measure_value, measure_id, category_id) VALUES ('Ralador Arcaplast', 'https://cdn2.iconfinder.com/data/icons/kitchen-utensils-24/64/34-512.png', 6.95, 6, null, null, '~', 'Cozinha');
INSERT INTO tb_product (description, image, price, quantity, validate, measure_value, measure_id, category_id) VALUES ('Organizador Fit Califórnia', 'https://cdn2.iconfinder.com/data/icons/food-1091/512/1_Honey_jar_pickle_food_bee-512.png', 23.50, 6, null, 1.3, 'l', 'Cozinha');

INSERT INTO tb_product (description, image, price, quantity, validate, measure_value, measure_id, category_id) VALUES ('Sabonete Protex Limpeza Profunda', 'https://cdn.shopify.com/s/files/1/0475/3883/1521/files/soap.png?v=1618167882', 3.20, 5, '2023-10-01', 85, 'g', 'Cosméticos e Higiene');
INSERT INTO tb_product (description, image, price, quantity, validate, measure_value, measure_id, category_id) VALUES ('Gel Massageador Arnica', 'https://cdn.shopify.com/s/files/1/0475/3883/1521/files/soap.png?v=1618167882', 5.25, 8, '2022-09-28', 200, 'g', 'Cosméticos e Higiene');
INSERT INTO tb_product (description, image, price, quantity, validate, measure_value, measure_id, category_id) VALUES ('Creme de Babear Nivea Men', 'https://cdn.shopify.com/s/files/1/0475/3883/1521/files/soap.png?v=1618167882', 7.40, 5, '2022-11-11', 65, 'g', 'Cosméticos e Higiene');
INSERT INTO tb_product (description, image, price, quantity, validate, measure_value, measure_id, category_id) VALUES ('Creme Dental Closeup Triple Hortelã', 'https://cdn.shopify.com/s/files/1/0475/3883/1521/files/soap.png?v=1618167882', 2.20, 5, '2024-12-01', 70, 'g', 'Cosméticos e Higiene');
INSERT INTO tb_product (description, image, price, quantity, validate, measure_value, measure_id, category_id) VALUES ('Leite de Colônia Toque de Carinho', 'https://cdn.shopify.com/s/files/1/0475/3883/1521/files/soap.png?v=1618167882', 7.25, 4, '2024-02-01', 200, 'ml', 'Cosméticos e Higiene');
INSERT INTO tb_product (description, image, price, quantity, validate, measure_value, measure_id, category_id) VALUES ('Hidratante Skala Lavanda', 'https://cdn.shopify.com/s/files/1/0475/3883/1521/files/soap.png?v=1618167882', 8.25, 5, '2025-06-01', 400, 'ml', 'Cosméticos e Higiene');
INSERT INTO tb_product (description, image, price, quantity, validate, measure_value, measure_id, category_id) VALUES ('Desodorande Nivea Men Black White Invisible', 'https://cdn.shopify.com/s/files/1/0475/3883/1521/files/soap.png?v=1618167882', 10.20, 14, '2025-01-23', 150, 'ml', 'Cosméticos e Higiene');
INSERT INTO tb_product (description, image, price, quantity, validate, measure_value, measure_id, category_id) VALUES ('Shampoo Seda Bambu e Biotina', 'https://cdn.shopify.com/s/files/1/0475/3883/1521/files/soap.png?v=1618167882', 9.10, 5, '2025-01-01', 325, 'ml', 'Cosméticos e Higiene');
INSERT INTO tb_product (description, image, price, quantity, validate, measure_value, measure_id, category_id) VALUES ('Coloração Capilar Cor&Ton Louro Platinado', 'https://cdn.shopify.com/s/files/1/0475/3883/1521/files/soap.png?v=1618167882', 11.95, 6, '2024-12-01', 60, 'ml', 'Cosméticos e Higiene');
INSERT INTO tb_product (description, image, price, quantity, validate, measure_value, measure_id, category_id) VALUES ('Óleo Capilar Vita Capili Abacate', 'https://cdn.shopify.com/s/files/1/0475/3883/1521/files/soap.png?v=1618167882', 6.25, 10, '2025-03-01', 80, 'ml', 'Cosméticos e Higiene');


INSERT INTO tb_product (description, image, price, quantity, validate, measure_value, measure_id, category_id) VALUES ('Extensão Elétrica Megatron 3m', 'https://cdn2.iconfinder.com/data/icons/internet-of-things-filled-outline/64/08-Plug-512.png', 16.50, 5, '2999-12-30', 220, 'v', 'Eletrônicos');
INSERT INTO tb_product (description, image, price, quantity, validate, measure_value, measure_id, category_id) VALUES ('Extensão Elétrica Megatron 5m', 'https://cdn2.iconfinder.com/data/icons/internet-of-things-filled-outline/64/08-Plug-512.png', 21.95, 4, '2999-12-30', 220, 'v', 'Eletrônicos');
INSERT INTO tb_product (description, image, price, quantity, validate, measure_value, measure_id, category_id) VALUES ('Pilhas Panasonic AA', 'https://cdn2.iconfinder.com/data/icons/internet-of-things-filled-outline/64/08-Plug-512.png', 4.95, 6, '2999-12-30', 1.5, 'v', 'Eletrônicos');
INSERT INTO tb_product (description, image, price, quantity, validate, measure_value, measure_id, category_id) VALUES ('Tomada PLuzie 2 Interrupitores', 'https://cdn2.iconfinder.com/data/icons/internet-of-things-filled-outline/64/08-Plug-512.png', 14.30, 6, '2999-12-30', 220, 'v', 'Eletrônicos');
INSERT INTO tb_product (description, image, price, quantity, validate, measure_value, measure_id, category_id) VALUES ('Carregador Basike 3.1A', 'https://cdn2.iconfinder.com/data/icons/internet-of-things-filled-outline/64/08-Plug-512.png', 22.90, 14, '2999-12-30', 240, 'v', 'Eletrônicos');
INSERT INTO tb_product (description, image, price, quantity, validate, measure_value, measure_id, category_id) VALUES ('Usb X-cell 3.0A', 'https://cdn2.iconfinder.com/data/icons/internet-of-things-filled-outline/64/08-Plug-512.png', 10.90, 6, '2999-12-30', 480, 'mb', 'Eletrônicos');
INSERT INTO tb_product (description, image, price, quantity, validate, measure_value, measure_id, category_id) VALUES ('Controle Remoto Maxx', 'https://cdn2.iconfinder.com/data/icons/internet-of-things-filled-outline/64/08-Plug-512.png', 12.90, 7, '2999-12-30', 15, 'g', 'Eletrônicos');
INSERT INTO tb_product (description, image, price, quantity, validate, measure_value, measure_id, category_id) VALUES ('Lâmpada Led City Lumi', 'https://cdn2.iconfinder.com/data/icons/internet-of-things-filled-outline/64/08-Plug-512.png', 8.90, 33, '2999-12-30', 220, 'v', 'Eletrônicos');
INSERT INTO tb_product (description, image, price, quantity, validate, measure_value, measure_id, category_id) VALUES ('Lâmpada Empalux Incandescente', 'https://cdn2.iconfinder.com/data/icons/internet-of-things-filled-outline/64/08-Plug-512.png', 4.95, 27, '2999-12-30', 220, 'v', 'Eletrônicos');
INSERT INTO tb_product (description, image, price, quantity, validate, measure_value, measure_id, category_id) VALUES ('Carregador Inova 3.1A CAR-9011', 'https://cdn2.iconfinder.com/data/icons/internet-of-things-filled-outline/64/08-Plug-512.png', 23.90, 5, '2999-12-30', 220, 'v', 'Eletrônicos');


INSERT INTO tb_product (description, image, price, quantity, validate, measure_value, measure_id, category_id) VALUES ('Pincel Condor', 'https://www.malerei-lorin.at/fileadmin/flaticon/paint-brush.png', 3.85, 6, '2999-12-30', null, '~', 'Ferramentas');
INSERT INTO tb_product (description, image, price, quantity, validate, measure_value, measure_id, category_id) VALUES ('Desempenadeira de Aço Max Ferramentas', 'https://cdn2.iconfinder.com/data/icons/construction-equipment/130/_cement_knife-512.png', 13.20, 5, '2999-12-30', null, '~', 'Ferramentas');
INSERT INTO tb_product (description, image, price, quantity, validate, measure_value, measure_id, category_id) VALUES ('Trena Vox', 'https://cdn3.iconfinder.com/data/icons/construction-157/64/tape-measure-ruler-construction-metric-512.png', 12.95, 7, '2999-12-30', 5, 'm', 'Ferramentas');
INSERT INTO tb_product (description, image, price, quantity, validate, measure_value, measure_id, category_id) VALUES ('Alicate Vape Solution', 'https://static.vecteezy.com/system/resources/previews/002/698/182/large_2x/pliers-construction-tool-isolated-icon-free-vector.jpg', 21.90, 9, '2999-12-30', null, '~', 'Ferramentas');
INSERT INTO tb_product (description, image, price, quantity, validate, measure_value, measure_id, category_id) VALUES ('Ferrolho Redondo Rns', 'http://bappeda.jogjaprov.go.id/view_image/view/1094/002-padlock.png', 13.20, 8, '2999-12-30', null, '~', 'Ferramentas');
INSERT INTO tb_product (description, image, price, quantity, validate, measure_value, measure_id, category_id) VALUES ('Mangueira Vox', 'https://static.vecteezy.com/ti/vetor-gratis/p2/353232-mangueira-vector-icone-gr%C3%A1tis-vetor.jpg', 25.40, 3, null, 10, 'm', 'Ferramentas');
INSERT INTO tb_product (description, image, price, quantity, validate, measure_value, measure_id, category_id) VALUES ('Engate Flexível Krona', 'https://static.vecteezy.com/ti/vetor-gratis/p2/353232-mangueira-vector-icone-gr%C3%A1tis-vetor.jpg', 3.95, 52, null, 30, 'cm', 'Ferramentas');
INSERT INTO tb_product (description, image, price, quantity, validate, measure_value, measure_id, category_id) VALUES ('Colher de Pedreiro Fertak Tools', 'https://cdn2.iconfinder.com/data/icons/construction-equipment/130/_cement_knife-512.png', 15.50, 5, null, 9, 'cm', 'Ferramentas');
INSERT INTO tb_product (description, image, price, quantity, validate, measure_value, measure_id, category_id) VALUES ('Trena Home&More', 'https://cdn3.iconfinder.com/data/icons/construction-157/64/tape-measure-ruler-construction-metric-512.png', 12.90, 7, null, 5, 'm', 'Ferramentas');
INSERT INTO tb_product (description, image, price, quantity, validate, measure_value, measure_id, category_id) VALUES ('Bomba de ar BallPump', '', 8.90, 3, null, null, '~', 'Ferramentas');
INSERT INTO tb_product (description, image, price, quantity, validate, measure_value, measure_id, category_id) VALUES ('Colher de Pedreiro Fertak Tools', 'https://cdn2.iconfinder.com/data/icons/construction-equipment/130/_cement_knife-512.png', 13.75, 3, null, 8, 'cm', 'Ferramentas');
INSERT INTO tb_product (description, image, price, quantity, validate, measure_value, measure_id, category_id) VALUES ('Trena Vap Solution', 'https://cdn3.iconfinder.com/data/icons/construction-157/64/tape-measure-ruler-construction-metric-512.png', 21.75, 3, null, 7.5, 'm', 'Ferramentas');


INSERT INTO tb_product (description, image, price, quantity, validate, measure_value, measure_id, category_id) VALUES ('Ácido Muriático Limpa Fácil', 'https://i.pinimg.com/originals/f8/67/71/f86771b11630bd9934efedfd5df3a0de.png', 3.30, 9, '2024-10-06', 1.00, 'l', 'Limpeza');
INSERT INTO tb_product (description, image, price, quantity, validate, measure_value, measure_id, category_id) VALUES ('Água Sanitária Nutrilar', 'https://i.pinimg.com/originals/f8/67/71/f86771b11630bd9934efedfd5df3a0de.png', 2.50, 11, '2022-12-06', 1.00, 'l', 'Limpeza');
INSERT INTO tb_product (description, image, price, quantity, validate, measure_value, measure_id, category_id) VALUES ('Desinfetante LavaBem Limão', 'https://i.pinimg.com/originals/f8/67/71/f86771b11630bd9934efedfd5df3a0de.png', 6.95, 3, '2023-05-09', 2.00, 'l', 'Limpeza');
INSERT INTO tb_product (description, image, price, quantity, validate, measure_value, measure_id, category_id) VALUES ('Amaciante Ypê Aconchego', 'https://i.pinimg.com/originals/f8/67/71/f86771b11630bd9934efedfd5df3a0de.png', 3.70, 11, '2024-01-01', 500, 'ml', 'Limpeza');
INSERT INTO tb_product (description, image, price, quantity, validate, measure_value, measure_id, category_id) VALUES ('Óleo de Peroba', 'https://i.pinimg.com/originals/f8/67/71/f86771b11630bd9934efedfd5df3a0de.png', 9.40, 12, '2033-04-22', 100, 'ml', 'Limpeza');
INSERT INTO tb_product (description, image, price, quantity, validate, measure_value, measure_id, category_id) VALUES ('Detergente LavaBem Coco', 'https://i.pinimg.com/originals/f8/67/71/f86771b11630bd9934efedfd5df3a0de.png', 2.10, 3, '2024-04-20', 500, 'ml', 'Limpeza');
INSERT INTO tb_product (description, image, price, quantity, validate, measure_value, measure_id, category_id) VALUES ('Esponja Nutribrilho', 'https://i.pinimg.com/originals/f8/67/71/f86771b11630bd9934efedfd5df3a0de.png', 0.65, 50, '2999-12-30', 110, 'cm', 'Limpeza');
INSERT INTO tb_product (description, image, price, quantity, validate, measure_value, measure_id, category_id) VALUES ('Sabão em Barra Neutro Ypê', 'https://i.pinimg.com/originals/f8/67/71/f86771b11630bd9934efedfd5df3a0de.png', 2.20, 10, '2023-12-01', 180, 'g', 'Limpeza');
INSERT INTO tb_product (description, image, price, quantity, validate, measure_value, measure_id, category_id) VALUES ('Sabão em Barra LavaBem', 'https://i.pinimg.com/originals/f8/67/71/f86771b11630bd9934efedfd5df3a0de.png', 2.50, 32, '2022-12-06', 200, 'ml', 'Limpeza');
INSERT INTO tb_product (description, image, price, quantity, validate, measure_value, measure_id, category_id) VALUES ('Sabão em Pó Omo Lavagem Perfeita', 'https://i.pinimg.com/originals/f8/67/71/f86771b11630bd9934efedfd5df3a0de.png', 7.70, 32, '2024-06-01', 400, 'ml', 'Limpeza');


INSERT INTO tb_product (description, image, price, quantity, validate, measure_value, measure_id, category_id) VALUES ('Fita Transparente Aldebras 48mm', 'https://cdn1.iconfinder.com/data/icons/stationary-desk-1/150/tape__cutter__stationary__tools__equipment-512.png', 5.15, 43, null, 40, 'm', 'Papelaria e Escolar');
INSERT INTO tb_product (description, image, price, quantity, validate, measure_value, measure_id, category_id) VALUES ('Cola Branca Radex', 'https://cdn1.iconfinder.com/data/icons/stationery-items-3/64/Glue_Icon-512.png', 1.50, 33, '2024-02-01', 40, 'g', 'Papelaria e Escolar');
INSERT INTO tb_product (description, image, price, quantity, validate, measure_value, measure_id, category_id) VALUES ('Marcador Permanente Compactor Vermelho', 'https://cdn4.iconfinder.com/data/icons/stationery-41/64/ink-pen-fountain-sign-classic-writing-512.png', 4.00, 13, null, null, '~', 'Papelaria e Escolar');
INSERT INTO tb_product (description, image, price, quantity, validate, measure_value, measure_id, category_id) VALUES ('Cola Branca Radex', 'https://cdn1.iconfinder.com/data/icons/stationery-items-3/64/Glue_Icon-512.png', 2.60, 24, '2024-02-01', 90, 'g', 'Papelaria e Escolar');
INSERT INTO tb_product (description, image, price, quantity, validate, measure_value, measure_id, category_id) VALUES ('Fita Adesiva Kraft Aldebras 36mm', 'https://cdn1.iconfinder.com/data/icons/stationary-desk-1/150/tape__cutter__stationary__tools__equipment-512.png', 3.00, 18, null, 10, 'm', 'Papelaria e Escolar');
INSERT INTO tb_product (description, image, price, quantity, validate, measure_value, measure_id, category_id) VALUES ('Cola Branca Radex', 'https://cdn1.iconfinder.com/data/icons/stationery-items-3/64/Glue_Icon-512.png', 8.90, 12, '2023-06-01', 500, 'g', 'Papelaria e Escolar');
INSERT INTO tb_product (description, image, price, quantity, validate, measure_value, measure_id, category_id) VALUES ('Caderno Lift Credeal 96 Folhas', 'https://static.vecteezy.com/system/resources/previews/000/356/291/original/vector-spiral-notebook-icon.jpg', 9.95, 23, null, 275, 'mm', 'Papelaria e Escolar');
INSERT INTO tb_product (description, image, price, quantity, validate, measure_value, measure_id, category_id) VALUES ('Cola Branca Maxi Cola', 'https://cdn1.iconfinder.com/data/icons/stationery-items-3/64/Glue_Icon-512.png', 7.25, 3, '2023-10-19', 500, 'g', 'Papelaria e Escolar');
INSERT INTO tb_product (description, image, price, quantity, validate, measure_value, measure_id, category_id) VALUES ('Lápis De Cor Cromus', 'https://tout-ios.com/wp-content/uploads/2021/02/changer-taille-police-sms-iphone.png', 5.30, 18, null, null, '~', 'Papelaria e Escolar');
INSERT INTO tb_product (description, image, price, quantity, validate, measure_value, measure_id, category_id) VALUES ('Cola De Isopor Polar Compactor', 'https://cdn1.iconfinder.com/data/icons/stationery-items-3/64/Glue_Icon-512.png', 3.85, 21, '2032-07-01', 40, 'g', 'Papelaria e Escolar');
INSERT INTO tb_product (description, image, price, quantity, validate, measure_value, measure_id, category_id) VALUES ('Tinta Guache Koala', 'https://cdn1.iconfinder.com/data/icons/fine-arts-4/64/ink_pen-ink-pen-writing-512.png', 5.60, 20, '2024-05-01', 15, 'ml', 'Papelaria e Escolar');


INSERT INTO tb_product_history(product_id, description, quantity, price, validate, measure_value, measure_id, category_id, created_date) VALUES(1, 'Arroz Doura', 23, 3.60, '2023-04-02', 1, 'kg', 'Alimentícios', now());
INSERT INTO tb_product_history(product_id, description, quantity, price, validate, measure_value, measure_id, category_id, created_date) VALUES(1, 'Arroz Doura', 35, 3.60, '2023-06-30', 1, 'kg', 'Alimentícios', now());
INSERT INTO tb_product_history(product_id, description, quantity, price, validate, measure_value, measure_id, category_id, created_date) VALUES(1, 'Arroz Doura', 50, 3.80, '2023-09-10', 1, 'kg', 'Alimentícios', now());
INSERT INTO tb_product_history(product_id, description, quantity, price, validate, measure_value, measure_id, category_id, created_date) VALUES(1, 'Arroz Doura', 49, 3.90, '2024-02-02', 1, 'kg', 'Alimentícios', now());
INSERT INTO tb_product_history(product_id, description, quantity, price, validate, measure_value, measure_id, category_id, created_date) VALUES(1, 'Arroz Doura', 14, 3.90, '2024-04-30', 1, 'kg', 'Alimentícios', now());
INSERT INTO tb_product_history(product_id, description, quantity, price, validate, measure_value, measure_id, category_id, created_date) VALUES(1, 'Arroz Doura', 44, 3.90, '2024-05-22', 1, 'kg', 'Alimentícios', now());
INSERT INTO tb_product_history(product_id, description, quantity, price, validate, measure_value, measure_id, category_id, created_date) VALUES(1, 'Arroz Doura', 20, 3.80, '2024-08-04', 1, 'kg', 'Alimentícios', now());
INSERT INTO tb_product_history(product_id, description, quantity, price, validate, measure_value, measure_id, category_id, created_date) VALUES(1, 'Arroz Doura', 80, 3.80, '2024-11-16', 1, 'kg', 'Alimentícios', now());
INSERT INTO tb_product_history(product_id, description, quantity, price, validate, measure_value, measure_id, category_id, created_date) VALUES(2, 'Arroz Catarinão', 72, 4.50, '2023-04-02', 1, 'kg', 'Alimentícios', now());
INSERT INTO tb_product_history(product_id, description, quantity, price, validate, measure_value, measure_id, category_id, created_date) VALUES(2, 'Arroz Catarinão', 64, 4.60, '2023-06-30', 1, 'kg', 'Alimentícios', now());
INSERT INTO tb_product_history(product_id, description, quantity, price, validate, measure_value, measure_id, category_id, created_date) VALUES(2, 'Arroz Catarinão', 70, 4.75, '2023-09-10', 1, 'kg', 'Alimentícios', now());
INSERT INTO tb_product_history(product_id, description, quantity, price, validate, measure_value, measure_id, category_id, created_date) VALUES(2, 'Arroz Catarinão', 88, 4.75, '2024-02-02', 1, 'kg', 'Alimentícios', now());

INSERT INTO tb_commission_code (code, commission_date, distributor) VALUES ('20.10.2022.01-mt', '2022-10-20', 'Matheus');

INSERT INTO tb_commission (quantity, total_value, code_id, product_id) VALUES (60, 204, '20.10.2022.01-mt', 3);
INSERT INTO tb_commission (quantity, total_value, code_id, product_id) VALUES (30, 120, '20.10.2022.01-mt', 5);
INSERT INTO tb_commission (quantity, total_value, code_id, product_id) VALUES (30, 110, '20.10.2022.01-mt', 1);
